﻿FirstName,LastName,Email,Phone,Address,City,State,ZipCode,Country,SSN
Devin,Stahley,Devin-Stahley@poc.com,303-858-7978,123 Main St,Denver,C0,80014,USA,515-78-2322
Pat,Vines,Pat-Vines@poc.com,207-987-6543,456 Elm St,Windham,ME,04062,USA,397-11-6347
Jason,Euler,Jason-Euler@poc.com,512-538-5309,789 Oak St,Austin,TX,73301,USA,497-09-1069
Glenn,Parker,Glenn-Parker@poc.com,214-334-1914,101 Pine St,Dallas,TX,75001,USA,484-36-8306
,,,,,,,,,
,,"ALL DATA WAS RANDOMLY GENERATED THERE IS NO
REAL DATA EXPOSED IN THIS DEMO SPREADSHEET",,,,,,,
,,,,,,,,,
,,,,,,,,,
,,,,,,,,,
